id,component,manufacturer,part_number,url,dominant_class,dominant_prose,secondary_class,dim_mm,max_dim_mm,triangles,watertight,non_manifold_edges
obj01,Locking element,Duri Mitec,,https://www.traceparts.com/en/product/duri-mitec-dr500?CatalogPath=TRACEPARTS%3ATP01004006&Product=90-06072021-044573,A2,Axisymmetric body,"D1, C2",56.0 x 45.0 x 45.0,56.0,3448,yes,0
obj02,Orbital hydraulic motor,Jining Kersen,,https://www.traceparts.com/en/product/jining-kersen-low-speed-high-torque-orbital-hydraulic-motors-smk-series?CatalogPath=TRACEPARTS%3ATP07004003&Product=50-21032016-105152,A2,Axisymmetric body,"A3, D2",119.5 x 133.3 x 277.5,277.5,8580,no,31
obj03,Linear head unit,Oriental Motor USA Corp.,AGL5H18,https://www.traceparts.com/en/product/oriental-motor-usa-corp-agl5h18-linear-heads?CatalogPath=TRACEPARTS%3ATP01004002002&Product=90-21072023-030049,A1,Prismatic body,"A3, B1",140.0 x 257.6 x 82.0,257.6,10588,yes,0
obj04,Cam indexer,"SATA Automation Co., Ltd.",110DA Series,https://www.traceparts.com/en/product/sata-automation-co-ltd-cam-indexers-110da-series?CatalogPath=TRACEPARTS%3ATP01004006&Product=50-09112020-116239,A1,Prismatic body,"B3, A3",330.0 x 318.5 x 163.0,330.0,12788,yes,0
obj05,Worm-gear brake unit,Cherubini,7347,https://www.traceparts.com/en/product/cherubini-softbrake-worm-gear-ratio-551?CatalogPath=TRACEPARTS%3ATP01005004005&Product=70-01042016-136115&PartNumber=7347,A2,Axisymmetric body,"B1, B3, C2",61.9 x 63.0 x 21.0,63.0,12874,yes,0
obj06,Rotary swivel unit,isel Germany GmbH,269063 2125,https://www.traceparts.com/en/product/isel-germany-gmbh-accessories-clamping-3jaw-chuck-o-125?CatalogPath=TRACEPARTS%3ATP01004006&Product=32-14022023-085564&PartNumber=269063%202125,A2,Axisymmetric body,"D1, C2",99.9 x 125.0 x 125.0,125.0,13326,yes,0
obj07,Pressure-motive pump,Watson McDaniel,PMPF,https://www.traceparts.com/en/product/watson-mcdaniel-pmpf-pressure-motive-pump?CatalogPath=TRACEPARTS%3ATP06010001&Product=90-05042022-056584,A2,Axisymmetric body,"A3, C2",452.0 x 750.4 x 700.9,750.4,15118,no,8
obj08,Air bearing,LAB Motion Systems,RT150U,https://www.traceparts.com/en/product/lab-motion-systems-air-bearing-rt150u?CatalogPath=TRACEPARTS%3ATP01004006&Product=33-23122022-070972,A2,Axisymmetric body,C2,160.0 x 103.5 x 179.4,179.4,22192,no,57
obj09,Flange ball bearing unit,MÄDLER GmbH,62699012,https://www.traceparts.com/en/product/madler-ball-flange-bearing-ssucf-201-bore-12mm-housing-and-bearing-insert-fom-stainless-steel?CatalogPath=TRACEPARTS%3ATP01002002003001&Product=90-11032024-030509&PartNumber=62699012,A2,Axisymmetric body,"B3, C2",33.3 x 88.5 x 86.0,88.5,7114,yes,0
obj10,Pillow-block bearing unit,NTN Bearing Company,UCPX-1,https://www.traceparts.com/en/product/motion-industries-pillow-block-ball-bearing-unit-10000-in-id-nonexpansion-bearing-fixed?CatalogPath=TRACEPARTS%3ATP01002002003&Product=90-20102020-052019&PartNumber=UCPX-1,A1,Prismatic body,"B2, C2",165.1 x 47.6 x 83.3,165.1,11360,yes,0
obj11,Miniature gearbox,Gimec Trasmissioni S.r.l.,Electric Car 05 - Gearbox,https://www.traceparts.com/en/product/gimec-trasmissioni-srl-electric-car-05-gearbox?CatalogPath=TRACEPARTS%3ATP01005004006&Product=90-01072019-047375,A1,Prismatic body,"B2, D2",168.0 x 254.1 x 121.5,254.1,93284,no,3
obj12,Rack-and-pinion pneumatic actuator,SMS TORK,TORK-RA120SR,https://www.traceparts.com/en/product/sms-tork-rack-and-pinion-pneumatic-actuators?CatalogPath=TRACEPARTS%3ATP01004002&Product=90-27102023-049425&PartNumber=TORK-RA120SR,A1,Prismatic body,"A2, D2",153.3 x 177.8 x 345.0,345.0,326390,no,646
obj13,Magnetic gripper,SCHMALZ,10.01.17.00664,https://www.traceparts.com/en/product/schmalz-magnetic-gripper?CatalogPath=TRACEPARTS%3ATP08001003&Product=33-13062019-087794&PartNumber=10.01.17.00664,A1,Prismatic body,C2,121.0 x 99.4 x 40.0,121.0,38362,no,37
obj14,Needle gripper,SCHMALZ,10.01.29.00568,https://www.traceparts.com/en/product/schmalz-vacuum-technology-needle-grippers?CatalogPath=TRACEPARTS%3ATP08001003&Product=33-13062019-088444&PartNumber=10.01.29.00568,A3,Slender protrusion,"A1, C2",48.1 x 290.5 x 140.2,290.5,10306,yes,0
obj15,Wafer gripper,SCHMALZ,10.01.30.00193,https://www.traceparts.com/en/product/schmalz-wafer-gripper?CatalogPath=TRACEPARTS%3ATP08001003&Product=33-06092019-109962&PartNumber=10.01.30.00193,B3,Top-face hole pattern,"A2, C2",115.0 x 115.0 x 64.9,115.0,26394,no,1
obj16,Angular pneumatic finger gripper,"Suzhou GS Automation Components Technology Ltd., Co.",0244386,https://www.traceparts.com/en/product/handlin-finger-gripper-gsfga-series-singleacting-angular-pneumatic-gripper?CatalogPath=TRACEPARTS%3ATP01007002003&Product=27-05486963-634453&PartNumber=0244386,D1,Re-entrant jaw or rib,"A1, C2",20.0 x 40.2 x 93.9,93.9,10192,yes,0
obj17,Adapter plate,Norelem Normelemente GmbH & Co. KG,21161-30-12075,https://www.traceparts.com/en/product/norelem-adapter-plate?CatalogPath=NORELEM%3A34008&Product=27-05582090-916455&PartNumber=21161-30-12075,A1,Prismatic body,"D2, C2",75.0 x 10.0 x 75.0,75.0,5632,yes,0
obj18,Sensor flange plate,ifm,E43006,https://www.traceparts.com/en/product/ifm-e43006-flange-plate-for-level-sensors-sensor-connection-clamp-adapter-o-16-mm?CatalogPath=IFM%3A400_020_110&Product=90-20122022-045326&PartNumber=E43006,A2,Axisymmetric body,"D2, C2",22.0 x 79.8 x 80.0,80.0,1104,yes,0
obj19,Hinged bushing plate,Carr Lane Manufacturing,CL-5040-PXLS,https://www.traceparts.com/en/product/carr-lane-manufacturing-hinged-bushing-plates-replacement-latch-screw?CatalogPath=TRACEPARTS%3ATP01007005004&Product=90-29102025-050559&PartNumber=CL-5040-PXLS,D1,Re-entrant jaw or rib,"B3, C2",55.2 x 66.0 x 38.1,66.0,5366,yes,0
obj20,DIN-rail enclosure,RS PRO,2383980,https://www.traceparts.com/en/product/rs-group-rs-pro-din-rail-enclosure-enclosure-type-abs-din-rail-enclosure?CatalogPath=TRACEPARTS%3ATP09003005003&Product=90-27102023-057210&PartNumber=2383980,B1,Upward-facing open pocket,A1,108.0 x 58.0 x 36.0,108.0,1412,yes,0
obj21,"DIN-rail enclosure, 36 mm",CAMDENBOSS,CNMB/2/2,https://www.traceparts.com/en/product/rs-group-din-rail-enclosure36mm?CatalogPath=TRACEPARTS%3ATP09003005003&Product=90-11062024-048886&PartNumber=CNMB%2F2%2F2,A1,Prismatic body,"D1, C2",91.5 x 65.0 x 213.8,213.8,33118,yes,0
obj22,Twelve-port M8 junction box,Fuyansheng Electronics (Fujian) Co. LTD,23NCT1,https://www.traceparts.com/en/product/fuyansheng-electronics-fujian-co-ltd-m8-junction-box-npn-12port-split-type-23nct1?CatalogPath=TRACEPARTS%3ATP09003003&Product=90-15052023-038971&PartNumber=23NCT1,B3,Top-face hole pattern,"D2, C2",125.9 x 45.4 x 18.3,125.9,152746,yes,0
obj23,Gas spring,KOBA,KGL28-100,https://www.traceparts.com/en/product/koba-gas-spring-kgl28100?CatalogPath=TRACEPARTS%3ATP01011001002001&Product=90-01042022-052894&PartNumber=KGL28-100,A2,Axisymmetric body,A3,28.0 x 28.0 x 380.0,380.0,4082,yes,0
obj24,Hydraulic manifold,Motion,HM031P024S,https://www.traceparts.com/en/product/motion-hm031p024s-d03-hydraulic-manifold-ducti?CatalogPath=MOTION_1402216426%3AROOT033002&Product=27-05432309-621739&PartNumber=HM031P024S,D2,Lateral port,"A1, B2",76.2 x 76.2 x 155.6,155.6,8024,yes,0
obj25,Valve block,Motion,AD03PB042S,https://www.traceparts.com/en/product/motion-ad03pb042s-valve-block?CatalogPath=MOTION_1402216426%3AROOT017&Product=90-02072021-033721&PartNumber=AD03PB042S,D2,Lateral port,"B3, A1",273.0 x 101.6 x 76.2,273.0,25662,yes,0
obj26,Flywheel coupling,SIT SpA,"48-6-1/2""",https://www.traceparts.com/en/product/sit-spa-gd-fl-flywheel?CatalogPath=TRACEPARTS%3ATP01003006002&Product=32-13032007-124443&PartNumber=48-6-1%2F2%22,A2,Axisymmetric body,"B3, C2",50.0 x 215.9 x 215.6,215.9,6774,yes,0
obj27,V-belt pulley,Norelem Normelemente GmbH & Co. KG,22070-33001,https://www.traceparts.com/en/product/norelem-vbelt-pulley?CatalogPath=NORELEM%3A22326&Product=27-05582250-920022&PartNumber=22070-33001,A2,Axisymmetric body,B3,32.0 x 306.1 x 307.0,307.0,2302,yes,0
obj28,Conveyor roller,Rollex Förderelemente GmbH & Co. KG,600/300ZZ-50KBA10IGM6x10EL610mm,https://www.traceparts.com/en/product/rollex-forderelemente-gmbh-co-kg-conveyor-roller-600-thermoplastic-synthetic-material-steel-housing-with-precision-ball-bearing-with-diameter-50mm-and-maximum-load-capacity-of-100n-600300zz50kba10igm6x10el610mm?CatalogPath=TRACEPARTS%3ATP04002002002&Product=33-10062022-059828&PartNumber=600%2F300ZZ-50KBA10IGM6x10EL610mm,A2,Axisymmetric body,A3,610.0 x 92.9 x 92.9,610.0,1344,yes,0
obj29,Telescopic slide rail,"ZKH Industrial Supply Co., Ltd.",AHH15012,https://www.traceparts.com/en/product/zkh-industrial-supply-co-ltd-telescopic-slide-rail-heavy-load-three-step-slide-ahh15012?CatalogPath=TRACEPARTS%3ATP01004003006&Product=80-09122021-082957&PartNumber=AHH15012,A1,Prismatic body,"D1, B3",12.7 x 51.4 x 305.0,305.0,6568,yes,0
obj30,Lifting turnbuckle,Haklift,VRH10,https://www.traceparts.com/en/product/haklift-lift-graded-turnbuckles-m10?CatalogPath=HAKLIFT_1321368382%3AHAKLIFT.140&Product=90-20012022-041835&PartNumber=VRH10,A3,Slender protrusion,"D1, A2",45.0 x 19.6 x 317.0,317.0,62154,yes,0
