objek,berkas,dim_mm,ukuran_maks_mm,segitiga_gt,komponen,watertight,tepi_batas,tepi_nonmanifold,euler,genus,rasio_aspek,kepipihan,isi_bbox,rasio_luas_thd_hull,rasio_volume_thd_hull,luas_hadap_atas,luas_hadap_bawah,luas_hadap_samping,terlihat_elev0,terlihat_elev10,terlihat_elev20,terlihat_elev30,terlihat_elev40,delta_terlihat_0_20,luas_terlihat_sisi0,luas_terlihat_atas,luas_atas_saja,luas_tak_terlihat
obj01,obj01_dr500,56.0 x 45.0 x 45.0,56.0,3448,1,True,0,0,-12,7,1.25,0.803,0.468,1.493,0.609,0.2301,0.233,0.5369,0.6808,0.7087,0.6982,0.6657,0.6381,0.0174,0.6808,0.2299,0.0426,0.2766
obj02,obj02_motor_smk,119.5 x 133.3 x 277.5,277.5,8580,1,False,0,31,16,,2.32,0.431,0.533,1.341,0.746,0.1444,0.1421,0.7135,0.6091,0.6903,0.6856,0.6711,0.6575,0.0765,0.6091,0.0945,0.084,0.3069
obj03,obj03_agl5h18,140.0 x 257.6 x 82.0,257.6,10588,7,True,0,0,-12,13,3.14,0.318,0.266,1.523,0.42,0.2113,0.215,0.5737,0.3967,0.4992,0.5115,0.5087,0.5025,0.1148,0.3967,0.1359,0.1041,0.4992
obj04,obj04_indexer_110da,330.0 x 318.5 x 163.0,330.0,12788,7,True,0,0,0,7,2.02,0.494,0.451,1.213,0.707,0.2215,0.2227,0.5558,0.4904,0.6398,0.6543,0.6509,0.6458,0.1639,0.4904,0.2029,0.1513,0.3584
obj05,obj05_softbrake_7347,61.9 x 63.0 x 21.0,63.0,12874,7,True,0,0,-34,24,2.99,0.334,0.399,2.939,0.504,0.2353,0.2329,0.5318,0.2633,0.3652,0.3876,0.4114,0.4363,0.1243,0.2633,0.1477,0.1232,0.6135
obj06,obj06_swivel_dsh,99.9 x 125.0 x 125.0,125.0,13326,12,True,0,0,-6,15,1.25,0.799,0.51,2.265,0.709,0.1916,0.1944,0.614,0.6488,0.6562,0.6348,0.5904,0.5662,-0.014,0.6488,0.1595,0.0445,0.3067
obj07,obj07_pmpf_pump,452.0 x 750.4 x 700.9,750.4,15118,1,False,0,8,-4,,1.66,0.602,0.344,0.964,0.644,0.2495,0.2506,0.4998,0.811,0.8436,0.8188,0.7791,0.7398,0.0078,0.811,0.3066,0.0648,0.1242
obj08,obj08_air_bearing,160.0 x 103.5 x 179.4,179.4,22192,6,False,0,57,-37,,1.73,0.577,0.741,2.909,0.861,0.1648,0.1647,0.6706,0.5827,0.6188,0.6065,0.5863,0.5541,0.0238,0.5827,0.1168,0.0539,0.3634
obj09,obj09_flangebearing_ssucf,33.3 x 88.5 x 86.0,88.5,7114,5,True,0,0,-8,9,2.66,0.376,0.459,1.536,0.655,0.1856,0.1881,0.6263,0.6959,0.7373,0.734,0.7105,0.6842,0.0381,0.6959,0.123,0.0404,0.2637
obj10,obj10_pillowblock_ucpx1,165.1 x 47.6 x 83.3,165.1,11360,2,True,0,0,-32,18,3.47,0.288,0.345,1.744,0.55,0.2352,0.2421,0.5227,0.4014,0.4824,0.507,0.5096,0.5054,0.1056,0.4014,0.1761,0.0649,0.5337
obj11,obj11_gearbox_ec05,168.0 x 254.1 x 121.5,254.1,93284,18,False,0,3,-5,,2.09,0.478,0.134,2.216,0.241,0.2098,0.2103,0.5799,0.3715,0.432,0.4303,0.4196,0.4151,0.0588,0.3715,0.1937,0.098,0.5305
obj12,obj12_actuator_ra120sr,153.3 x 177.8 x 345.0,345.0,326390,83,False,0,646,274,,2.25,0.444,0.395,5.801,0.528,0.1671,0.1826,0.6504,0.3319,0.3639,0.3537,0.3391,0.317,0.0218,0.3319,0.0469,0.0252,0.6429
obj13,obj13_gripper_sgm,121.0 x 99.4 x 40.0,121.0,38362,35,False,0,37,-38,,3.02,0.331,0.861,3.881,0.87,0.2215,0.2221,0.5564,0.2669,0.3667,0.3952,0.4153,0.4323,0.1283,0.2669,0.1535,0.1271,0.606
obj14,obj14_gripper_sngv,48.1 x 290.5 x 140.2,290.5,10306,27,True,0,0,22,16,6.04,0.166,0.241,1.513,0.448,0.309,0.3081,0.3829,0.4514,0.5181,0.5344,0.5025,0.4567,0.083,0.4514,0.1469,0.0862,0.4625
obj15,obj15_gripper_swgm,115.0 x 115.0 x 64.9,115.0,26394,15,False,0,1,-49,,1.77,0.564,0.202,1.722,0.353,0.2999,0.2996,0.4005,0.2577,0.471,0.4894,0.4956,0.4966,0.2317,0.2577,0.207,0.1941,0.5482
obj16,obj16_gripper_gsfga,20.0 x 40.2 x 93.9,93.9,10192,7,True,0,0,-10,12,4.69,0.213,0.278,1.95,0.43,0.1235,0.127,0.7495,0.3973,0.4194,0.414,0.4049,0.3944,0.0167,0.3973,0.0528,0.031,0.5716
obj17,obj17_adapterplate_nl12,75.0 x 10.0 x 75.0,75.0,5632,1,True,0,0,-64,33,7.5,0.133,0.778,1.311,0.785,0.1406,0.1426,0.7169,0.6489,0.7411,0.7557,0.7517,0.7391,0.1068,0.6489,0.0497,0.0384,0.3127
obj18,obj18_flangeplate_e43006,22.0 x 79.8 x 80.0,80.0,1104,1,True,0,0,-8,5,3.64,0.275,0.227,1.168,0.467,0.1139,0.1125,0.7736,0.8776,0.8861,0.8707,0.8378,0.8215,-0.0069,0.8776,0.0867,0.0053,0.1171
obj19,obj19_hingedbushing_cl5040,55.2 x 66.0 x 38.1,66.0,5366,2,True,0,0,4,0,1.73,0.577,0.11,1.001,0.404,0.2248,0.2281,0.547,0.7674,0.7532,0.7134,0.6537,0.6138,-0.054,0.7674,0.2519,0.0242,0.2084
obj20,obj20_enclosure_rspro,108.0 x 58.0 x 36.0,108.0,1412,1,True,0,0,-6,4,3.0,0.333,0.11,1.569,0.147,0.2665,0.2673,0.4662,0.3367,0.5447,0.5496,0.5285,0.5134,0.2129,0.3367,0.1463,0.1463,0.5171
obj21,obj21_enclosure_camdenboss,91.5 x 65.0 x 213.8,213.8,33118,5,True,0,0,-62,36,3.29,0.304,0.082,1.84,0.099,0.1003,0.1005,0.7993,0.5664,0.6074,0.6032,0.5856,0.565,0.0368,0.5664,0.0398,0.0338,0.3998
obj22,obj22_junctionbox_23nct1,125.9 x 45.4 x 18.3,125.9,152746,2,True,0,0,-304,154,6.88,0.145,0.733,1.989,0.816,0.2385,0.2385,0.523,0.194,0.3271,0.3731,0.3963,0.4225,0.1791,0.194,0.2353,0.1815,0.6245
obj23,obj23_gasspring_kgl28,28.0 x 28.0 x 380.0,380.0,4082,1,True,0,0,0,1,13.57,0.074,0.51,0.91,0.814,0.0386,0.0374,0.924,0.9503,0.9685,0.9635,0.9535,0.9478,0.0132,0.9503,0.0252,0.0155,0.0342
obj24,obj24_manifold_hm031p024s,76.2 x 76.2 x 155.6,155.6,8024,1,True,0,0,-20,11,2.04,0.49,0.891,1.462,0.891,0.1185,0.1192,0.7623,0.6118,0.6822,0.6866,0.679,0.6757,0.0748,0.6118,0.0741,0.0718,0.3164
obj25,obj25_valveblock_ad03pb042s,273.0 x 101.6 x 76.2,273.0,25662,1,True,0,0,2,0,3.58,0.279,0.913,1.339,0.913,0.2187,0.2175,0.5638,0.4076,0.5895,0.599,0.5962,0.5908,0.1914,0.4076,0.1846,0.1836,0.4088
obj26,obj26_flywheel_gdfl,50.0 x 215.9 x 215.6,215.9,6774,2,True,0,0,-30,17,4.32,0.232,0.19,1.456,0.402,0.1461,0.147,0.7069,0.7393,0.7526,0.755,0.7395,0.7118,0.0157,0.7393,0.0694,0.0074,0.2533
obj27,obj27_vbeltpulley_spb17b,32.0 x 306.1 x 307.0,307.0,2302,1,True,0,0,-12,7,9.59,0.104,0.198,0.941,0.285,0.1324,0.1315,0.7361,0.7182,0.7443,0.7529,0.7421,0.7239,0.0347,0.7182,0.0939,0.0215,0.2603
obj28,obj28_conveyorroller_600,610.0 x 92.9 x 92.9,610.0,1344,1,True,0,0,2,0,6.57,0.152,0.485,1.01,0.994,0.3123,0.3131,0.3746,0.9364,0.9039,0.8656,0.8091,0.7453,-0.0708,0.9364,0.4421,0.0305,0.0331
obj29,obj29_telescopicslide_ahh150,12.7 x 51.4 x 305.0,305.0,6568,5,True,0,0,-12,11,24.01,0.042,0.43,3.369,0.463,0.0049,0.0048,0.9902,0.3814,0.3821,0.3759,0.3651,0.3456,-0.0055,0.3814,0.0034,0.0028,0.6158
obj30,obj30_turnbuckle_vrh10,45.0 x 19.6 x 317.0,317.0,62154,9,True,0,0,-8,13,16.15,0.062,0.184,0.962,0.23,0.159,0.1582,0.6828,0.5713,0.5815,0.5701,0.5369,0.5154,-0.0012,0.5713,0.0285,0.0046,0.4241
