timestamp,model,gt,pred,chamfer,fscore@0.01,precision@0.01,recall@0.01,fscore@0.02,precision@0.02,recall@0.02,normal_consistency,volume_iou,pred_triangles,pred_vertices,pred_watertight,pred_boundary_edges,pred_nonmanifold_edges,pred_components
2026-09-17T19:55:21,hunyuan_m130_elev0_seed123__e4lama,obj01_dr500.stl,obj01.glb,0.018743,0.658439,0.6667,0.65038,0.952739,0.95355,0.95193,0.874811,0.802183,2129998,1063574,False,9,4161,3
2026-09-17T19:55:33,hunyuan_m130_elev0_seed123__e4lama,obj02_motor_smk.stl,obj02.glb,0.025286,0.601033,0.64217,0.56485,0.852269,0.90631,0.80431,0.74136,0.848956,783108,390264,False,22,3667,1
2026-09-17T19:55:45,hunyuan_m130_elev0_seed123__e4lama,obj03_agl5h18.stl,obj03.glb,0.058909,0.285566,0.33293,0.25,0.50612,0.56563,0.45794,0.521977,0.463475,603068,299998,False,6,4444,2
2026-09-17T19:55:59,hunyuan_m130_elev0_seed123__e4lama,obj04_indexer_110da.stl,obj04.glb,0.03581,0.43196,0.46396,0.40409,0.691724,0.72459,0.66171,0.622886,0.714079,1023976,510581,False,22,4132,1
2026-09-17T19:56:11,hunyuan_m130_elev0_seed123,obj05_softbrake_7347.stl,obj05.glb,0.090664,0.283335,0.42605,0.21224,0.445376,0.61804,0.34812,0.59439,0.203917,1214172,604541,False,32,7466,8
2026-09-17T19:56:23,hunyuan_m130_elev0_seed123__e4lama,obj05_softbrake_7347.stl,obj05.glb,0.090664,0.283335,0.42605,0.21224,0.445376,0.61804,0.34812,0.59439,0.203917,1214172,604541,False,32,7466,8
2026-09-17T19:56:38,hunyuan_m130_elev0_seed123__e4lama,obj06_swivel_dsh.stl,obj06.glb,0.033811,0.402048,0.46313,0.3552,0.732913,0.84089,0.64951,0.668461,0.691207,2086678,1040121,False,25,9405,3
2026-09-17T19:56:56,hunyuan_m130_elev0_seed123__e4lama,obj07_pmpf_pump.stl,obj07.glb,0.027517,0.430181,0.44333,0.41779,0.836716,0.85169,0.82226,0.849787,0.816649,1049950,522413,False,11,7610,3
2026-09-17T19:57:09,hunyuan_m130_elev0_seed123__e4lama,obj08_air_bearing.stl,obj08.glb,0.035383,0.513126,0.63104,0.43234,0.719857,0.8882,0.60516,0.721037,0.802024,1552320,773394,False,3,8181,23
2026-09-17T19:57:28,hunyuan_m130_elev0_seed123,obj20_enclosure_rspro.stl,obj20.glb,0.105465,0.286431,0.41873,0.21766,0.444742,0.53394,0.38108,0.476004,0.102982,773488,364609,False,26,56557,1
2026-09-17T19:57:43,hunyuan_m130_elev0_seed123,obj21_enclosure_camdenboss.stl,obj21.glb,0.043637,0.27256,0.27262,0.2725,0.621715,0.66709,0.58212,0.539468,0.095018,945396,467299,False,29,15494,3
2026-09-17T19:57:51,hunyuan_m130_elev0_seed123,obj22_junctionbox_23nct1.stl,obj22.glb,0.040728,0.461777,0.74535,0.33451,0.661194,0.94233,0.50926,0.63341,0.578977,315704,157130,False,0,2171,1
2026-09-17T19:58:02,hunyuan_m130_elev0_seed123,obj24_manifold_hm031p024s.stl,obj24.glb,0.035156,0.787215,0.9573,0.66845,0.809244,0.97619,0.69106,0.839341,0.880917,990186,494896,False,0,598,1
2026-09-17T19:58:11,hunyuan_m130_elev0_seed123,obj25_valveblock_ad03pb042s.stl,obj25.glb,0.054093,0.376762,0.50196,0.30155,0.644501,0.84493,0.52093,0.690042,0.55721,456954,228468,False,0,34,1
2026-09-17T19:58:24,hunyuan_m130_elev0_seed777__e4lama,obj01_dr500.stl,obj01.glb,0.020384,0.745523,0.76455,0.72742,0.896654,0.91934,0.87506,0.842178,0.825817,2146670,1072513,False,1,2420,1
2026-09-17T19:58:35,hunyuan_m130_elev0_seed777__e4lama,obj02_motor_smk.stl,obj02.glb,0.033402,0.433399,0.47245,0.40031,0.720576,0.77687,0.67189,0.66063,0.801971,726996,362601,False,4,2509,4
2026-09-17T19:58:48,hunyuan_m130_elev0_seed777__e4lama,obj03_agl5h18.stl,obj03.glb,0.061487,0.285029,0.32755,0.25228,0.507572,0.55673,0.46639,0.534306,0.460675,636378,316625,False,13,4495,1
2026-09-17T19:59:01,hunyuan_m130_elev0_seed777__e4lama,obj04_indexer_110da.stl,obj04.glb,0.032668,0.486779,0.51773,0.45932,0.739417,0.77237,0.70916,0.674001,0.75163,992026,494590,False,12,4128,1
2026-09-17T19:59:11,hunyuan_m130_elev0_seed777,obj05_softbrake_7347.stl,obj05.glb,0.052096,0.359093,0.55338,0.26578,0.555953,0.68219,0.46914,0.644231,0.698599,1163946,580642,False,15,3893,11
2026-09-17T19:59:21,hunyuan_m130_elev0_seed777__e4lama,obj05_softbrake_7347.stl,obj05.glb,0.052096,0.359093,0.55338,0.26578,0.555953,0.68219,0.46914,0.644231,0.698599,1163946,580642,False,15,3893,11
2026-09-17T19:59:37,hunyuan_m130_elev0_seed777__e4lama,obj06_swivel_dsh.stl,obj06.glb,0.037402,0.381007,0.42858,0.34294,0.690025,0.80696,0.60269,0.656473,0.695482,1896462,945300,False,24,8643,2
2026-09-17T19:59:55,hunyuan_m130_elev0_seed777__e4lama,obj07_pmpf_pump.stl,obj07.glb,0.025153,0.603319,0.59782,0.60892,0.88775,0.86907,0.90725,0.849463,0.84237,1104474,550148,False,5,6099,4
2026-09-17T20:00:09,hunyuan_m130_elev0_seed777__e4lama,obj08_air_bearing.stl,obj08.glb,0.039306,0.420711,0.55427,0.33902,0.689778,0.85354,0.57874,0.722665,0.834535,1725560,858055,False,40,13507,12
2026-09-17T20:00:26,hunyuan_m130_elev0_seed777,obj20_enclosure_rspro.stl,obj20.glb,0.052923,0.371881,0.4512,0.31628,0.55996,0.57657,0.54428,0.590344,0.158668,582290,289452,False,5,4896,1
2026-09-17T20:00:38,hunyuan_m130_elev0_seed777,obj21_enclosure_camdenboss.stl,obj21.glb,0.035967,0.459033,0.54335,0.39737,0.668615,0.74654,0.60542,0.531055,0.193423,665562,330962,False,35,4909,1
2026-09-17T20:00:47,hunyuan_m130_elev0_seed777,obj22_junctionbox_23nct1.stl,obj22.glb,0.032539,0.424542,0.65555,0.31392,0.706783,0.94429,0.56474,0.650742,0.658941,344444,171629,False,0,1761,1
2026-09-17T20:00:58,hunyuan_m130_elev0_seed777,obj24_manifold_hm031p024s.stl,obj24.glb,0.037298,0.550358,0.68214,0.46125,0.814683,0.97764,0.69829,0.819376,0.866831,920396,460192,False,0,24,1
2026-09-17T20:01:08,hunyuan_m130_elev0_seed777,obj25_valveblock_ad03pb042s.stl,obj25.glb,0.041565,0.556917,0.73403,0.44866,0.660755,0.8506,0.54019,0.694584,0.630744,436216,218062,False,0,143,1
2026-09-17T20:01:22,hunyuan_m130_elev20_seed123__e4lama,obj01_dr500.stl,obj01.glb,0.020066,0.711493,0.72881,0.69498,0.874845,0.88925,0.8609,0.885109,0.837086,2202168,1100111,False,0,2877,1
2026-09-17T20:01:35,hunyuan_m130_elev20_seed123__e4lama,obj02_motor_smk.stl,obj02.glb,0.022714,0.68081,0.73121,0.63691,0.893057,0.94227,0.84873,0.779312,0.874746,820638,408115,False,10,6293,7
2026-09-17T20:01:46,hunyuan_m130_elev20_seed123__e4lama,obj03_agl5h18.stl,obj03.glb,0.021934,0.583825,0.66031,0.52322,0.880576,0.95435,0.81739,0.711301,0.72335,701646,348428,False,9,6942,2
2026-09-17T20:02:00,hunyuan_m130_elev20_seed123__e4lama,obj04_indexer_110da.stl,obj04.glb,0.024997,0.438189,0.42794,0.44894,0.834368,0.845,0.824,0.747246,0.795086,1387806,690628,False,38,9527,12
2026-09-17T20:02:11,hunyuan_m130_elev20_seed123,obj05_softbrake_7347.stl,obj05.glb,0.029864,0.483719,0.69374,0.37131,0.7319,0.87756,0.62771,0.693089,0.708774,1540188,766903,False,35,8905,5
2026-09-17T20:02:22,hunyuan_m130_elev20_seed123__e4lama,obj05_softbrake_7347.stl,obj05.glb,0.029864,0.483719,0.69374,0.37131,0.7319,0.87756,0.62771,0.693089,0.708774,1540188,766903,False,35,8905,5
2026-09-17T20:02:38,hunyuan_m130_elev20_seed123__e4lama,obj06_swivel_dsh.stl,obj06.glb,0.03484,0.397572,0.46765,0.34576,0.676944,0.77651,0.60001,0.668963,0.725219,2190194,1090534,False,44,13371,2
2026-09-17T20:02:55,hunyuan_m130_elev20_seed123__e4lama,obj07_pmpf_pump.stl,obj07.glb,0.018196,0.745725,0.74564,0.74581,0.912369,0.91853,0.90629,0.866707,0.878283,1136400,565941,False,8,6593,4
2026-09-17T20:03:08,hunyuan_m130_elev20_seed123__e4lama,obj08_air_bearing.stl,obj08.glb,0.037591,0.458391,0.55367,0.39109,0.719565,0.86067,0.61821,0.702668,0.816683,1664338,828465,False,42,10606,11
2026-09-17T20:03:20,hunyuan_m130_elev20_seed123,obj20_enclosure_rspro.stl,obj20.glb,0.020694,0.646076,0.58205,0.72593,0.895265,0.89565,0.89488,0.806386,0.340743,952552,475294,False,2,2828,1
2026-09-17T20:03:33,hunyuan_m130_elev20_seed123,obj21_enclosure_camdenboss.stl,obj21.glb,0.013773,0.802814,0.85849,0.75392,0.969404,0.95689,0.98225,0.748719,0.25436,1103002,546780,False,64,12933,1
2026-09-17T20:03:42,hunyuan_m130_elev20_seed123,obj22_junctionbox_23nct1.stl,obj22.glb,0.028346,0.570237,0.71923,0.47238,0.794552,0.94821,0.68375,0.588084,0.672602,503064,247804,False,45,10920,7
2026-09-17T20:03:55,hunyuan_m130_elev20_seed123,obj24_manifold_hm031p024s.stl,obj24.glb,0.030838,0.300989,0.33048,0.27633,0.839133,0.89753,0.78787,0.812067,0.78519,1245154,620382,False,15,6420,33
2026-09-17T20:04:03,hunyuan_m130_elev20_seed123,obj25_valveblock_ad03pb042s.stl,obj25.glb,0.021526,0.80806,0.89548,0.73619,0.859257,0.938,0.79271,0.812091,0.854659,711374,354399,False,21,3734,3
2026-09-17T20:04:17,hunyuan_m130_elev20_seed777__e4lama,obj01_dr500.stl,obj01.glb,0.022692,0.687541,0.74526,0.63812,0.870763,0.93711,0.81319,0.839064,0.783868,2127884,1062913,False,5,3040,3
2026-09-17T20:04:29,hunyuan_m130_elev20_seed777__e4lama,obj02_motor_smk.stl,obj02.glb,0.031141,0.488108,0.528,0.45382,0.739898,0.79218,0.69409,0.669041,0.804357,811142,403714,False,7,5429,1
2026-09-17T20:04:42,hunyuan_m130_elev20_seed777__e4lama,obj03_agl5h18.stl,obj03.glb,0.061184,0.254398,0.28607,0.22904,0.471363,0.51181,0.43684,0.543111,0.431201,656340,326195,False,13,5805,2
2026-09-17T20:04:55,hunyuan_m130_elev20_seed777__e4lama,obj04_indexer_110da.stl,obj04.glb,0.021024,0.65155,0.6818,0.62387,0.911034,0.94496,0.87946,0.771763,0.837331,1308766,652286,False,7,6230,7
2026-09-17T20:05:05,hunyuan_m130_elev20_seed777,obj05_softbrake_7347.stl,obj05.glb,0.027658,0.491112,0.71691,0.37348,0.781516,0.94713,0.6652,0.698428,0.753642,1346696,671063,False,57,6528,1
2026-09-17T20:05:15,hunyuan_m130_elev20_seed777__e4lama,obj05_softbrake_7347.stl,obj05.glb,0.027658,0.491112,0.71691,0.37348,0.781516,0.94713,0.6652,0.698428,0.753642,1346696,671063,False,57,6528,1
2026-09-17T20:05:32,hunyuan_m130_elev20_seed777__e4lama,obj06_swivel_dsh.stl,obj06.glb,0.037758,0.341224,0.4169,0.2888,0.627442,0.74701,0.54087,0.67208,0.746191,2098916,1044900,False,27,13296,7
2026-09-17T20:05:49,hunyuan_m130_elev20_seed777__e4lama,obj07_pmpf_pump.stl,obj07.glb,0.022204,0.645272,0.65169,0.63898,0.886094,0.89802,0.87448,0.861363,0.843549,1166864,581397,False,13,6023,8
2026-09-17T20:06:03,hunyuan_m130_elev20_seed777__e4lama,obj08_air_bearing.stl,obj08.glb,0.034938,0.585699,0.73799,0.48551,0.741577,0.92015,0.62105,0.733772,0.879714,1735622,864789,False,18,8656,15
2026-09-17T20:06:16,hunyuan_m130_elev20_seed777,obj20_enclosure_rspro.stl,obj20.glb,0.02426,0.558802,0.52418,0.59832,0.86721,0.85633,0.87837,0.764247,0.273522,892318,445374,False,0,2139,1
2026-09-17T20:06:31,hunyuan_m130_elev20_seed777,obj21_enclosure_camdenboss.stl,obj21.glb,0.028552,0.565872,0.52103,0.61916,0.767391,0.71934,0.82232,0.645747,0.126987,1019866,497113,False,174,32454,4
2026-09-17T20:06:40,hunyuan_m130_elev20_seed777,obj22_junctionbox_23nct1.stl,obj22.glb,0.027854,0.587254,0.77064,0.47437,0.757999,0.90996,0.64953,0.628785,0.695117,491900,241267,False,131,13436,9
2026-09-17T20:06:54,hunyuan_m130_elev20_seed777,obj24_manifold_hm031p024s.stl,obj24.glb,0.035638,0.34023,0.37686,0.31009,0.740477,0.80898,0.68267,0.789292,0.776939,1193958,595449,False,14,4409,6
2026-09-17T20:07:02,hunyuan_m130_elev20_seed777,obj25_valveblock_ad03pb042s.stl,obj25.glb,0.019546,0.80034,0.83269,0.77041,0.868586,0.9035,0.83627,0.77655,0.899943,770430,383239,False,23,5756,3
2026-09-17T21:52:32,hunyuan_m130_elev0_seed123,obj09_flangebearing_ssucf.stl,obj09.glb,0.027199,0.579804,0.6094,0.55295,0.804104,0.84174,0.76969,0.75544,0.623686,1425884,711310,False,18,4698,6
2026-09-17T21:52:42,hunyuan_m130_elev0_seed123,obj10_pillowblock_ucpx1.stl,obj10.glb,0.02202,0.626752,0.70127,0.56655,0.829756,0.9123,0.76091,0.716114,0.618538,797764,397568,False,7,3696,1
2026-09-17T21:52:58,hunyuan_m130_elev0_seed123,obj11_gearbox_ec05.stl,obj11.glb,0.036092,0.402578,0.49699,0.33831,0.649601,0.71204,0.59723,0.586186,0.274246,1077536,535553,False,34,9513,11
2026-09-17T21:53:20,hunyuan_m130_elev0_seed123,obj12_actuator_ra120sr.stl,obj12.glb,0.050581,0.28613,0.68821,0.18061,0.472754,0.94523,0.3152,0.663256,0.852832,826844,411533,False,46,5385,1
2026-09-17T21:53:37,hunyuan_m130_elev0_seed123,obj13_gripper_sgm.stl,obj13.glb,0.042862,0.362511,0.6683,0.24871,0.569879,0.89811,0.41735,0.649617,0.825804,1136082,565405,False,31,7550,7
2026-09-17T21:53:47,hunyuan_m130_elev0_seed123,obj14_gripper_sngv.stl,obj14.glb,0.022192,0.573477,0.70075,0.48533,0.827852,0.93354,0.74366,0.610858,0.537042,327234,162040,False,6,4324,1
2026-09-17T21:54:04,hunyuan_m130_elev0_seed123,obj15_gripper_swgm.stl,obj15.glb,0.083841,0.225706,0.22849,0.22299,0.403538,0.39014,0.41789,0.519688,0.252008,1566416,780512,False,20,7894,3
2026-09-17T21:54:13,hunyuan_m130_elev0_seed123,obj16_gripper_gsfga.stl,obj16.glb,0.026009,0.547806,0.78784,0.41988,0.795837,0.97115,0.67414,0.814642,0.727123,389906,194148,False,10,2294,1
2026-09-17T21:54:22,hunyuan_m130_elev0_seed123,obj17_adapterplate_nl12.stl,obj17.glb,0.017023,0.578898,0.61178,0.54937,0.977437,0.98396,0.971,0.776467,0.76929,1165842,581812,False,3,3111,2
2026-09-17T21:54:33,hunyuan_m130_elev0_seed123,obj18_flangeplate_e43006.stl,obj18.glb,0.011147,0.896782,0.90576,0.88798,0.994069,0.99294,0.9952,0.905473,0.734342,885082,442100,False,1,1227,1
2026-09-17T21:54:54,hunyuan_m130_elev0_seed123,obj19_hingedbushing_cl5040.stl,obj19.glb,0.068694,0.242762,0.2548,0.23181,0.442358,0.44511,0.43964,0.614925,0.455658,650270,320035,False,6,14703,1
2026-09-17T21:55:03,hunyuan_m130_elev0_seed123,obj23_gasspring_kgl28.stl,obj23.glb,0.003931,0.954563,0.97,0.93961,0.992049,0.996,0.98813,0.926878,0.927384,90816,45182,False,0,672,1
2026-09-17T21:55:13,hunyuan_m130_elev0_seed123,obj26_flywheel_gdfl.stl,obj26.glb,0.010212,0.889373,0.94162,0.84262,0.963908,0.98872,0.94031,0.803517,0.838701,914948,456182,False,0,3725,1
2026-09-17T21:55:21,hunyuan_m130_elev0_seed123,obj27_vbeltpulley_spb17b.stl,obj27.glb,0.013421,0.787885,0.83669,0.74446,0.964776,0.99931,0.93255,0.670466,0.433077,1073118,492201,False,1831,109820,1
2026-09-17T21:55:32,hunyuan_m130_elev0_seed123,obj28_conveyorroller_600.stl,obj28.glb,0.003604,0.999295,1.0,0.99859,0.99997,1.0,0.99994,0.983531,0.952358,201628,100721,False,2,281,1
2026-09-17T21:55:53,hunyuan_m130_elev0_seed123,obj29_telescopicslide_ahh150.stl,obj29.glb,0.008836,0.837223,1.0,0.72002,1.0,1.0,1.0,0.815416,0.660962,167998,83777,False,1,672,1
2026-09-17T21:56:00,hunyuan_m130_elev0_seed123,obj30_turnbuckle_vrh10.stl,obj30.glb,0.007389,0.885959,0.99721,0.79704,0.999269,1.0,0.99854,0.863677,0.852987,100920,50152,False,0,899,1
2026-09-17T21:56:13,hunyuan_m130_elev0_seed777,obj09_flangebearing_ssucf.stl,obj09.glb,0.017958,0.668718,0.69361,0.64555,0.923185,0.94415,0.90313,0.772473,0.797369,1518104,755328,False,63,10561,1
2026-09-17T21:56:24,hunyuan_m130_elev0_seed777,obj10_pillowblock_ucpx1.stl,obj10.glb,0.026808,0.542174,0.66782,0.45632,0.724235,0.86541,0.62266,0.692419,0.711363,682022,339484,False,39,4253,1
2026-09-17T21:56:39,hunyuan_m130_elev0_seed777,obj11_gearbox_ec05.stl,obj11.glb,0.03665,0.384867,0.50765,0.30991,0.644253,0.72978,0.57667,0.602386,0.247257,919278,457577,False,15,6171,19
2026-09-17T21:57:00,hunyuan_m130_elev0_seed777,obj12_actuator_ra120sr.stl,obj12.glb,0.049456,0.304192,0.72764,0.19229,0.520752,0.9815,0.35439,0.695677,0.884716,868440,431616,False,17,7643,3
2026-09-17T21:57:19,hunyuan_m130_elev0_seed777,obj13_gripper_sgm.stl,obj13.glb,0.044342,0.3808,0.62228,0.27434,0.555107,0.78505,0.42935,0.60223,0.767004,1584502,787955,False,68,12096,1
2026-09-17T21:57:31,hunyuan_m130_elev0_seed777,obj14_gripper_sngv.stl,obj14.glb,0.089435,0.230418,0.30048,0.18685,0.420277,0.52463,0.35055,0.52123,0.282698,335518,165248,False,20,6868,1
2026-09-17T21:57:48,hunyuan_m130_elev0_seed777,obj15_gripper_swgm.stl,obj15.glb,0.083327,0.231706,0.24092,0.22317,0.413035,0.40738,0.41885,0.520863,0.253337,1405870,700169,False,14,8064,4
2026-09-17T21:57:57,hunyuan_m130_elev0_seed777,obj16_gripper_gsfga.stl,obj16.glb,0.022781,0.608076,0.93031,0.45164,0.817045,0.9833,0.69888,0.860617,0.794773,409878,204164,False,0,2234,1
2026-09-17T21:58:06,hunyuan_m130_elev0_seed777,obj17_adapterplate_nl12.stl,obj17.glb,0.016975,0.47554,0.50892,0.44627,0.984839,0.98724,0.98245,0.78298,0.775292,1193272,594842,False,20,5034,1
2026-09-17T21:58:16,hunyuan_m130_elev0_seed777,obj18_flangeplate_e43006.stl,obj18.glb,0.011903,0.883647,0.89673,0.87094,0.983129,0.99215,0.97427,0.912305,0.88359,888176,443680,False,0,1198,1
2026-09-17T21:58:36,hunyuan_m130_elev0_seed777,obj19_hingedbushing_cl5040.stl,obj19.glb,0.06471,0.245064,0.25463,0.23619,0.45342,0.45713,0.44977,0.594735,0.459982,676774,332636,False,18,16033,1
2026-09-17T21:58:45,hunyuan_m130_elev0_seed777,obj23_gasspring_kgl28.stl,obj23.glb,0.004213,0.939616,0.9471,0.93225,0.993513,0.99498,0.99205,0.908962,0.909593,91698,45686,False,0,482,1
2026-09-17T21:58:55,hunyuan_m130_elev0_seed777,obj26_flywheel_gdfl.stl,obj26.glb,0.009947,0.868323,0.92087,0.82145,0.969793,0.9927,0.94792,0.795672,0.810092,927318,462292,False,8,3867,1
2026-09-17T21:59:00,hunyuan_m130_elev0_seed777,obj27_vbeltpulley_spb17b.stl,obj27.glb,0.015435,0.822612,0.71898,0.96115,0.903033,0.82474,0.99775,0.59319,0.622529,1044738,520845,False,23,4380,1
2026-09-17T21:59:12,hunyuan_m130_elev0_seed777,obj28_conveyorroller_600.stl,obj28.glb,0.008586,0.99038,0.99424,0.98655,0.9999,1.0,0.9998,0.975676,0.875993,211270,105556,False,0,243,1
2026-09-17T21:59:32,hunyuan_m130_elev0_seed777,obj29_telescopicslide_ahh150.stl,obj29.glb,0.012483,0.727768,0.97657,0.58,0.996422,1.0,0.99287,0.826418,0.785581,180146,90018,False,0,179,1
2026-09-17T21:59:39,hunyuan_m130_elev0_seed777,obj30_turnbuckle_vrh10.stl,obj30.glb,0.008444,0.848083,0.99711,0.73781,0.999149,1.0,0.9983,0.861129,0.792745,105268,52254,False,0,1101,1
2026-09-17T21:59:52,hunyuan_m130_elev20_seed123,obj09_flangebearing_ssucf.stl,obj09.glb,0.020933,0.636481,0.69447,0.58743,0.857564,0.90047,0.81856,0.743003,0.766897,1520938,756370,False,36,11603,1
2026-09-17T22:00:02,hunyuan_m130_elev20_seed123,obj10_pillowblock_ucpx1.stl,obj10.glb,0.018588,0.650475,0.74236,0.57883,0.865183,0.94566,0.79733,0.754599,0.771792,714788,356475,False,10,2643,1
2026-09-17T22:00:17,hunyuan_m130_elev20_seed123,obj11_gearbox_ec05.stl,obj11.glb,0.037481,0.392521,0.50515,0.32096,0.644407,0.72947,0.57711,0.582706,0.235536,1033680,512246,False,49,13084,12
2026-09-17T22:00:39,hunyuan_m130_elev20_seed123,obj12_actuator_ra120sr.stl,obj12.glb,0.049531,0.295608,0.70701,0.18687,0.522259,0.99505,0.35404,0.706203,0.891605,865726,431418,False,15,4222,1
2026-09-17T22:00:57,hunyuan_m130_elev20_seed123,obj13_gripper_sgm.stl,obj13.glb,0.057733,0.173582,0.2513,0.13258,0.37372,0.50086,0.29806,0.567133,0.676476,1500306,744301,False,119,16372,6
2026-09-17T22:01:09,hunyuan_m130_elev20_seed123,obj14_gripper_sngv.stl,obj14.glb,0.014798,0.74637,0.81433,0.68888,0.963045,0.98883,0.93857,0.668864,0.719723,411500,203667,False,13,5714,1
2026-09-17T22:01:26,hunyuan_m130_elev20_seed123,obj15_gripper_swgm.stl,obj15.glb,0.081966,0.249151,0.247,0.25134,0.437006,0.41889,0.45676,0.514596,0.233016,1753636,869970,False,70,18238,1
2026-09-17T22:01:36,hunyuan_m130_elev20_seed123,obj16_gripper_gsfga.stl,obj16.glb,0.022761,0.579514,0.81969,0.44819,0.848003,0.97623,0.74955,0.790239,0.615291,412292,205247,False,12,2669,1
2026-09-17T22:01:45,hunyuan_m130_elev20_seed123,obj17_adapterplate_nl12.stl,obj17.glb,0.013306,0.942983,0.94894,0.9371,0.99998,0.99996,1.0,0.858525,0.798494,1265404,631510,False,12,3353,6
2026-09-17T22:01:56,hunyuan_m130_elev20_seed123,obj18_flangeplate_e43006.stl,obj18.glb,0.010283,0.884092,0.88583,0.88236,0.983939,0.97997,0.98794,0.907669,0.735732,950746,474990,False,0,1128,1
2026-09-17T22:02:22,hunyuan_m130_elev20_seed123,obj19_hingedbushing_cl5040.stl,obj19.glb,0.056067,0.298018,0.33198,0.27036,0.510933,0.54193,0.48329,0.657837,0.510432,773954,383832,False,64,9183,1
2026-09-17T22:02:31,hunyuan_m130_elev20_seed123,obj23_gasspring_kgl28.stl,obj23.glb,0.004277,0.939112,0.94857,0.92984,0.994489,0.9957,0.99328,0.911523,0.920786,92368,45838,False,0,1041,1
2026-09-17T22:02:42,hunyuan_m130_elev20_seed123,obj26_flywheel_gdfl.stl,obj26.glb,0.009798,0.890175,0.93081,0.85294,0.971754,0.98662,0.95733,0.794554,0.766564,983684,490576,False,18,3620,1
2026-09-17T22:02:49,hunyuan_m130_elev20_seed123,obj27_vbeltpulley_spb17b.stl,obj27.glb,0.00938,0.938336,0.94784,0.92902,0.993419,0.99446,0.99238,0.700229,0.580786,1091004,491477,False,2114,129611,1
2026-09-17T22:02:59,hunyuan_m130_elev20_seed123,obj28_conveyorroller_600.stl,obj28.glb,0.003958,0.99945,1.0,0.9989,1.0,1.0,1.0,0.98638,0.947305,203724,101740,False,0,356,1
2026-09-17T22:03:21,hunyuan_m130_elev20_seed123,obj29_telescopicslide_ahh150.stl,obj29.glb,0.007565,0.911742,1.0,0.8378,0.99775,1.0,0.99551,0.683565,0.598218,226648,108091,False,2,15585,1
2026-09-17T22:03:28,hunyuan_m130_elev20_seed123,obj30_turnbuckle_vrh10.stl,obj30.glb,0.008489,0.852358,0.98555,0.75088,0.999209,1.0,0.99842,0.838571,0.797485,105004,52176,False,1,959,2
2026-09-17T22:03:41,hunyuan_m130_elev20_seed777,obj09_flangebearing_ssucf.stl,obj09.glb,0.017874,0.701218,0.74126,0.66528,0.913061,0.93942,0.88814,0.781059,0.792595,1577296,786842,False,30,5103,1
2026-09-17T22:03:50,hunyuan_m130_elev20_seed777,obj10_pillowblock_ucpx1.stl,obj10.glb,0.018293,0.711195,0.83285,0.62055,0.851982,0.95758,0.76736,0.776658,0.822302,690368,344680,False,5,1433,1
2026-09-17T22:04:06,hunyuan_m130_elev20_seed777,obj11_gearbox_ec05.stl,obj11.glb,0.040124,0.369368,0.48815,0.29708,0.608178,0.69601,0.54003,0.59485,0.232517,960764,477852,False,24,7222,2
2026-09-17T22:04:28,hunyuan_m130_elev20_seed777,obj12_actuator_ra120sr.stl,obj12.glb,0.049457,0.330289,0.84096,0.2055,0.497101,0.99937,0.33083,0.726185,0.926119,892200,442879,False,22,9416,5
2026-09-17T22:04:46,hunyuan_m130_elev20_seed777,obj13_gripper_sgm.stl,obj13.glb,0.051628,0.269225,0.37396,0.21032,0.445354,0.54083,0.37853,0.603428,0.723481,1766814,878503,False,16,14337,6
2026-09-17T22:04:57,hunyuan_m130_elev20_seed777,obj14_gripper_sngv.stl,obj14.glb,0.013927,0.791775,0.88457,0.7166,0.955424,0.99875,0.9157,0.7134,0.781187,405230,200356,False,7,6223,2
2026-09-17T22:05:14,hunyuan_m130_elev20_seed777,obj15_gripper_swgm.stl,obj15.glb,0.084038,0.239058,0.24356,0.23472,0.421957,0.41043,0.43415,0.516587,0.232679,1672106,826503,False,85,26709,2
2026-09-17T22:05:23,hunyuan_m130_elev20_seed777,obj16_gripper_gsfga.stl,obj16.glb,0.022627,0.616492,0.8844,0.47316,0.846428,0.98259,0.74341,0.814095,0.672685,426698,212583,False,5,2240,2
2026-09-17T22:05:33,hunyuan_m130_elev20_seed777,obj17_adapterplate_nl12.stl,obj17.glb,0.011841,0.926601,0.92953,0.92369,0.999085,0.999,0.99917,0.860059,0.797379,1284752,641345,False,2,2841,1
2026-09-17T22:05:43,hunyuan_m130_elev20_seed777,obj18_flangeplate_e43006.stl,obj18.glb,0.010611,0.865124,0.88316,0.84781,0.963803,0.97847,0.94957,0.901386,0.719966,917574,458368,False,0,1227,1
2026-09-17T22:06:08,hunyuan_m130_elev20_seed777,obj19_hingedbushing_cl5040.stl,obj19.glb,0.058807,0.291118,0.31911,0.26764,0.500102,0.53296,0.47106,0.640064,0.496941,680802,336768,False,5,10452,1
2026-09-17T22:06:17,hunyuan_m130_elev20_seed777,obj23_gasspring_kgl28.stl,obj23.glb,0.003925,0.941269,0.95085,0.93188,0.997074,0.99812,0.99603,0.912915,0.924109,92416,45841,False,0,1097,1
2026-09-17T22:06:28,hunyuan_m130_elev20_seed777,obj26_flywheel_gdfl.stl,obj26.glb,0.008973,0.901235,0.93906,0.86634,0.983664,0.99323,0.97428,0.797812,0.836782,981080,488940,False,29,4556,1
2026-09-17T22:06:34,hunyuan_m130_elev20_seed777,obj27_vbeltpulley_spb17b.stl,obj27.glb,0.006995,0.968939,0.96565,0.97225,0.99808,0.99761,0.99855,0.849987,0.829304,801530,399820,False,4,2753,1
2026-09-17T22:06:43,hunyuan_m130_elev20_seed777,obj28_conveyorroller_600.stl,obj28.glb,0.007806,0.999335,1.0,0.99867,1.0,1.0,1.0,0.984657,0.894514,214182,106966,False,3,361,1
2026-09-17T22:07:04,hunyuan_m130_elev20_seed777,obj29_telescopicslide_ahh150.stl,obj29.glb,0.008075,0.903509,1.0,0.824,1.0,1.0,1.0,0.732913,0.639615,219942,107870,False,19,6139,1
2026-09-17T22:07:12,hunyuan_m130_elev20_seed777,obj30_turnbuckle_vrh10.stl,obj30.glb,0.010117,0.820888,0.97433,0.7092,0.998272,1.0,0.99655,0.823789,0.727345,108790,54152,False,0,702,1
