waktu,lengan,objek,prompt_id,detik,sn_byte,mc_byte,catatan
2026-09-23 23:09:47,hunyuan_m130_elev0,obj04,46401437-2daf-4121-9a8b-fc5c6bab0695,78.9,17535428,18461467,
2026-09-23 23:11:18,hunyuan_m130_elev0,obj13,aa579637-73ff-4d6b-824a-a584791ee254,89.9,29893564,31391428,
2026-09-23 23:12:38,hunyuan_m130_elev20,obj04,d7c07c08-ad92-4f18-8a50-a29238308786,80.7,23419592,24628768,
2026-09-23 23:14:08,hunyuan_m130_elev20,obj13,69db976d-2ed6-423a-a621-ea3a011cffaf,89.3,28107764,29536262,
2026-09-23 23:28:29,hunyuan_m130_elev0,obj01,392ff37e-2a0c-470a-ba79-543df3c4c48e,95.3,36174344,38149881,
2026-09-23 23:29:40,hunyuan_m130_elev0,obj02,ec310e7d-84b4-4333-86b5-f03e006b39eb,70.1,14183248,14940929,
2026-09-23 23:30:47,hunyuan_m130_elev0,obj03,9e934699-d0a2-4c68-9250-4d05e7791783,67.2,11570908,12182907,
2026-09-23 23:32:04,hunyuan_m130_elev0,obj05,5b79d24b-d42c-4409-ac8e-16805e343660,76.5,20197364,21262556,
2026-09-23 23:33:40,hunyuan_m130_elev0,obj06,a2abff56-08db-4d6f-aef6-94f4ad986b97,96.3,37627868,39600105,
2026-09-23 23:34:55,hunyuan_m130_elev0,obj07,98d8752c-b9f3-4ad9-8a5c-3c0f96a48a83,75.1,18756316,19742528,
2026-09-23 23:36:24,hunyuan_m130_elev0,obj08,30eacb1f-5981-4114-87dd-8440c0a3f23d,88.6,30465148,32106968,
2026-09-23 23:37:51,hunyuan_m130_elev0,obj09,5e896ec8-53df-4c7f-80ee-efed6bc45ca0,86.2,27816124,29328348,
2026-09-23 23:38:59,hunyuan_m130_elev0,obj10,40e31f08-e2ca-471b-bfa4-57b4593b1467,68.4,12022756,12655077,
2026-09-23 23:40:14,hunyuan_m130_elev0,obj11,7400e71f-a416-4be9-8e5d-9a3064f92ed5,75.0,18148520,19093528,
2026-09-23 23:41:28,hunyuan_m130_elev0,obj12,490436f1-bbf2-4a9a-9f8a-1634198a5f28,73.9,16202440,16983643,
2026-09-23 23:42:31,hunyuan_m130_elev0,obj14,6e975569-a8e9-4803-a29d-e2b6d67b991c,62.3,5965120,6248161,
2026-09-23 23:43:59,hunyuan_m130_elev0,obj15,6e5ed5b1-e43d-460a-b962-04ced1bb0e94,88.4,28125976,29624210,
2026-09-23 23:45:02,hunyuan_m130_elev0,obj16,2cd714f7-69a3-463f-bf4e-42776efc6c0a,63.0,7257760,7634327,
2026-09-23 23:46:22,hunyuan_m130_elev0,obj17,daf8a660-afff-4703-b864-2c206c22be09,79.9,21879092,23075368,
2026-09-23 23:47:37,hunyuan_m130_elev0,obj18,567d5bb9-f7f0-4563-acbd-67cd399994fd,74.6,16846876,17769059,
2026-09-23 23:48:46,hunyuan_m130_elev0,obj19,f995dc9c-7046-4fe0-ba04-762b80959610,69.0,12055648,12617487,
2026-09-23 23:49:54,hunyuan_m130_elev0,obj20,f111e112-6cbf-4864-b2b5-480fedae4a92,67.8,10749952,11326131,
2026-09-23 23:51:05,hunyuan_m130_elev0,obj21,61d2671a-eac5-4ba5-b3db-35a10b75fade,70.1,13529800,14223761,
2026-09-23 23:52:06,hunyuan_m130_elev0,obj22,00b76f5f-02f0-4ed8-9c98-8078f592264a,61.2,6174268,6502079,
2026-09-23 23:53:02,hunyuan_m130_elev0,obj23,98a6e835-24ce-4bbb-93b7-7471326f0bac,56.3,1656924,1739285,
2026-09-23 23:54:32,hunyuan_m130_elev0,obj24,e792b318-a5ac-4534-b6b5-b237d3d8ea07,89.1,29143384,30751520,
2026-09-23 23:58:15,hunyuan_m130_elev0,obj25,b7a117d7-8504-4c72-95e2-87b02dc6e055,222.8,147915044,148905969,
2026-09-23 23:59:30,hunyuan_m130_elev0,obj26,bbf6214a-4d22-4ea9-ba5a-c675bd38180c,74.8,16894256,17798995,
2026-09-24 00:00:45,hunyuan_m130_elev0,obj27,0d3affaf-3ac9-488b-af0c-04ccc3222f4c,75.4,17922980,18898115,
2026-09-24 00:01:44,hunyuan_m130_elev0,obj28,02666ea8-5482-42fa-90e5-91ec54cc37e9,58.2,3763024,3966415,
2026-09-24 00:02:43,hunyuan_m130_elev0,obj29,9498ec65-c906-4d62-b92a-5a6ea3efc55f,59.0,3280384,3455618,
2026-09-24 00:03:39,hunyuan_m130_elev0,obj30,b7b80796-e398-4ac6-9ec2-bf673d094b33,56.3,1845832,1937142,
2026-09-24 00:05:22,hunyuan_m130_elev20,obj01,ae1744b3-cfb0-4302-b114-3427348783a5,102.7,40154580,42359601,
2026-09-24 00:06:34,hunyuan_m130_elev20,obj02,5b169c58-e245-4741-9a4b-ccef70e7cde0,71.5,14758788,15525523,
2026-09-24 00:07:43,hunyuan_m130_elev20,obj03,9febf097-14e4-42fc-ae6d-42b92fd761d2,69.3,11838788,12432907,
2026-09-24 00:09:07,hunyuan_m130_elev20,obj05,736d9ee6-d7be-48f3-9cdb-f23579d3cb30,84.2,24681512,25985204,
2026-09-24 00:10:49,hunyuan_m130_elev20,obj06,ee3c402d-5c6e-4b44-87d5-2d9164038b3e,101.3,39730320,41844769,
2026-09-24 00:12:08,hunyuan_m130_elev20,obj07,fdb73dce-9529-49e8-837f-057dff33db96,78.9,20287196,21360152,
2026-09-24 00:13:41,hunyuan_m130_elev20,obj08,94c8bb17-d6fd-4c45-8237-ada0b1024075,92.7,31885044,33561236,
2026-09-24 00:15:08,hunyuan_m130_elev20,obj09,026b23e6-84cc-415e-b378-72dfa77e316b,87.1,27299796,28792304,
2026-09-24 00:16:18,hunyuan_m130_elev20,obj10,13383691-1e45-472f-82e4-41349c389f94,69.8,12972200,13670317,
2026-09-24 00:17:33,hunyuan_m130_elev20,obj11,e024ee18-74d5-4584-9064-24ed0a9bbaa1,75.0,16992716,17872727,
2026-09-24 00:18:48,hunyuan_m130_elev20,obj12,8ceb4d23-2ebf-4786-850f-76dc403fd696,74.0,16149456,16986995,
2026-09-24 00:19:52,hunyuan_m130_elev20,obj14,ce85b8a6-747b-4c02-8703-16a593639e3e,64.2,7570056,7939603,
2026-09-24 00:21:22,hunyuan_m130_elev20,obj15,a92d14dd-f79f-4b12-9183-509f7689efe4,90.1,28609356,30082456,
2026-09-24 00:22:27,hunyuan_m130_elev20,obj16,5861817d-f011-4939-9897-87c2712917bb,64.4,8199212,8619895,
2026-09-24 00:23:47,hunyuan_m130_elev20,obj17,5f91fdc5-95ac-4e6a-a64b-03eed8caa528,80.5,22198296,23413796,
2026-09-24 00:25:02,hunyuan_m130_elev20,obj18,bfa2c4a9-e4b1-43d0-aa96-fc074a19161b,74.4,16931736,17862135,
2026-09-24 00:26:12,hunyuan_m130_elev20,obj19,97a20d63-8b30-4c66-bdd7-ade95eb1f387,70.1,13320644,13948597,
2026-09-24 00:27:26,hunyuan_m130_elev20,obj20,3d74da55-c43c-431e-80bf-c0efec662056,73.8,15468860,16298003,
2026-09-24 00:28:44,hunyuan_m130_elev20,obj21,10db6c63-1671-4f88-a6ae-c9dcb40a6b2c,78.4,19424156,20435784,
2026-09-24 00:29:50,hunyuan_m130_elev20,obj22,68a645c0-9024-4d59-857e-ba4bed1b7305,65.2,9537380,9923455,
2026-09-24 00:30:46,hunyuan_m130_elev20,obj23,049ebf26-dc00-429b-a318-0b199a307a0c,56.3,1655996,1738753,
2026-09-24 00:32:14,hunyuan_m130_elev20,obj24,b65a9e78-73c2-4741-bab8-45196ff665a3,87.3,26783136,28217976,
2026-09-24 00:33:26,hunyuan_m130_elev20,obj25,1d508247-6f3c-47e3-91cb-dcb4cde2e633,71.9,14687624,15432711,
2026-09-24 00:34:41,hunyuan_m130_elev20,obj26,dda42b95-309f-4721-ab0a-e027f3ab5e48,75.6,18337704,19311694,
2026-09-24 00:35:53,hunyuan_m130_elev20,obj27,61989e00-a40f-4caf-8058-1d92999fbc07,71.6,14073632,14823227,
2026-09-24 00:36:52,hunyuan_m130_elev20,obj28,0becd4bd-2a2a-4197-a428-296d87dc11a2,58.7,3818640,4022883,
2026-09-24 00:37:51,hunyuan_m130_elev20,obj29,b1d01449-122b-4aa2-aaef-e45f5a8c9132,58.6,4053392,4226243,
2026-09-24 00:38:47,hunyuan_m130_elev20,obj30,f1644763-1214-414d-a77a-8af389d0fd72,56.4,1878404,1970554,
